Category,Message
ham,Thank you for your order #98213. It's being processed.
ham,Hi! Your table at eBay is confirmed for 8:00 AM - 12:00 PM.
ham,Your delivery from Walmart is scheduled for today between 8:00 AM - 12:00 PM.
ham,Hi! Your table at Walmart is confirmed for 3:00 PM - 5:00 PM.
ham,Hi! Your table at Walmart is confirmed for 3:00 PM - 5:00 PM.
ham,Order Confirmation: Your purchase of smartphone at eBay was successful.
ham,Order Confirmation: Your purchase of wireless mouse at Best Buy was successful.
ham,Action required: Confirm your email address for your new eBay account.
ham,Receipt for your recent purchase at Nike. Amount: $109.
ham,Your subscription to Netflix has been renewed. Next billing date: Jan 15.
ham,Receipt for your recent purchase at Amazon. Amount: $478.
ham,Receipt for your recent purchase at Best Buy. Amount: $228.
ham,Your eBay package has been delivered. View details: http://bit.ly/track-order
ham,Hi! Your table at Amazon is confirmed for 3:00 PM - 5:00 PM.
ham,Good news! Your order #65505 has shipped.
ham,Your package from Nike is on its way! Track it here: https://shipping-update.com/status
ham,Good news! Your order #52112 has shipped.
ham,Order Confirmation: Your purchase of wireless mouse at Amazon was successful.
ham,Your Walmart package has been delivered. View details: https://amazon.com/orders
ham,Your subscription to Prime has been renewed. Next billing date: Oct 12.
ham,Your package from Apple is on its way! Track it here: https://amazon.com/orders
ham,Receipt for your recent purchase at Amazon. Amount: $133.
ham,Order Confirmation: Your purchase of wireless mouse at Nike was successful.
ham,Thank you for your order #61728. It's being processed.
ham,Your subscription to Spotify has been renewed. Next billing date: Oct 12.
ham,Good news! Your order #58121 has shipped.
ham,Your subscription to Prime has been renewed. Next billing date: Jan 15.
ham,Your subscription to Prime has been renewed. Next billing date: Nov 5.
ham,Thank you for your order #74372. It's being processed.
ham,Action required: Confirm your email address for your new Walmart account.
ham,Thank you for your order #58120. It's being processed.
ham,Your Amazon package has been delivered. View details: http://bit.ly/track-order
ham,Action required: Confirm your email address for your new Target account.
ham,Receipt for your recent purchase at Apple. Amount: $250.
ham,Hi! Your table at Apple is confirmed for 10:00 AM - 2:00 PM.
ham,Order Confirmation: Your purchase of laptop at Apple was successful.
ham,Your delivery from Nike is scheduled for today between 8:00 AM - 12:00 PM.
ham,Your Target package has been delivered. View details: http://bit.ly/track-order
ham,Receipt for your recent purchase at Amazon. Amount: $237.
ham,Action required: Confirm your email address for your new Walmart account.
ham,Your delivery from Apple is scheduled for today between 3:00 PM - 5:00 PM.
ham,Your eBay package has been delivered. View details: https://shipping-update.com/status
ham,Your package from eBay is on its way! Track it here: http://bit.ly/track-order
ham,Action required: Confirm your email address for your new Walmart account.
ham,Your delivery from Nike is scheduled for today between 8:00 AM - 12:00 PM.
ham,Hi! Your table at Northside Gear is confirmed for 8:00 AM - 12:00 PM.
ham,Thank you for your order #97150. It's being processed.
ham,Receipt for your recent purchase at Amazon. Amount: $387.
ham,Order Confirmation: Your purchase of winter jacket at Target was successful.
ham,Your subscription to Spotify has been renewed. Next billing date: Jan 15.
ham,Action required: Confirm your email address for your new eBay account.
ham,Your delivery from eBay is scheduled for today between 3:00 PM - 5:00 PM.
ham,Action required: Confirm your email address for your new Apple account.
ham,Action required: Confirm your email address for your new Amazon account.
ham,Hi! Your table at Best Buy is confirmed for 8:00 AM - 12:00 PM.
ham,Order Confirmation: Your purchase of winter jacket at eBay was successful.
ham,Good news! Your order #68238 has shipped.
ham,Your subscription to Netflix has been renewed. Next billing date: Oct 12.
ham,Action required: Confirm your email address for your new eBay account.
ham,Action required: Confirm your email address for your new Nike account.
ham,Action required: Confirm your email address for your new Walmart account.
ham,Your package from Northside Gear is on its way! Track it here: https://amazon.com/orders
ham,Your Walmart package has been delivered. View details: http://bit.ly/track-order
ham,Action required: Confirm your email address for your new Amazon account.
ham,Action required: Confirm your email address for your new Walmart account.
ham,Order Confirmation: Your purchase of wireless mouse at Walmart was successful.
ham,Thank you for your order #12001. It's being processed.
ham,Thank you for your order #58295. It's being processed.
ham,Thank you for your order #71743. It's being processed.
ham,Your delivery from Amazon is scheduled for today between 8:00 AM - 12:00 PM.
ham,Order Confirmation: Your purchase of coffee maker at Best Buy was successful.
ham,Action required: Confirm your email address for your new Northside Gear account.
ham,Your package from Best Buy is on its way! Track it here: http://bit.ly/track-order
ham,Receipt for your recent purchase at Best Buy. Amount: $293.
ham,Hi! Your table at Apple is confirmed for 3:00 PM - 5:00 PM.
ham,Your subscription to Netflix has been renewed. Next billing date: Dec 20.
ham,Your package from Northside Gear is on its way! Track it here: https://shipping-update.com/status
ham,Hi! Your table at eBay is confirmed for 3:00 PM - 5:00 PM.
ham,Your subscription to Spotify has been renewed. Next billing date: Dec 20.
ham,Receipt for your recent purchase at Northside Gear. Amount: $213.
ham,Your delivery from eBay is scheduled for today between 8:00 AM - 12:00 PM.
ham,Your package from Amazon is on its way! Track it here: http://bit.ly/track-order
ham,Thank you for your order #60717. It's being processed.
ham,Your delivery from eBay is scheduled for today between 3:00 PM - 5:00 PM.
ham,Hi! Your table at Amazon is confirmed for 8:00 AM - 12:00 PM.
ham,Order Confirmation: Your purchase of running shoes at eBay was successful.
ham,Thank you for your order #10194. It's being processed.
ham,Your delivery from Northside Gear is scheduled for today between 10:00 AM - 2:00 PM.
ham,Hi! Your table at Walmart is confirmed for 3:00 PM - 5:00 PM.
ham,Hi! Your table at Apple is confirmed for 8:00 AM - 12:00 PM.
ham,Your delivery from Walmart is scheduled for today between 3:00 PM - 5:00 PM.
ham,Action required: Confirm your email address for your new Walmart account.
ham,Thank you for your order #49273. It's being processed.
ham,Order Confirmation: Your purchase of laptop at Target was successful.
ham,Receipt for your recent purchase at Amazon. Amount: $225.
ham,Order Confirmation: Your purchase of smartphone at eBay was successful.
ham,Order Confirmation: Your purchase of coffee maker at Best Buy was successful.
ham,Your package from Amazon is on its way! Track it here: https://shipping-update.com/status
ham,Your package from Target is on its way! Track it here: http://bit.ly/track-order
ham,Receipt for your recent purchase at Apple. Amount: $265.
